﻿Name,Created,Tags
My Journal Buddy: An AI-Assisted Journaling App,"July 27, 2024 2:40 AM","App Development, Machine Learning"
Screen Time Prediction w/ Statistical Analysis and ML,"July 27, 2024 2:40 AM","Data Science, Machine Learning"
Facial Recognition w/ Applied Mathematics,"July 27, 2024 2:40 AM",Machine Learning
Analyzing Drug Persistency w/ Data Science and ML,"July 27, 2024 2:43 AM","Data Science, Machine Learning"
Comparing Root-Finding Methods in Numerical Analysis,"July 27, 2024 2:55 AM",Research
Data Science Techniques for the Growth of in-situ 2D Crystals,"July 27, 2024 2:44 AM","Data Science, Research"
Guppy: An Interactive Guide to Pet Care,"July 27, 2024 2:46 AM",App Development